,burden,resilience_score,LILATracts_1And10,LowIncomeTracts,PovertyRate,MedianFamilyIncome,Rural
burden,1.0,-0.8280709822648347,0.26855856817485574,0.4294533649734334,0.5164947418323607,-0.6222429252443842,0.24017463592312802
resilience_score,-0.8280709822648347,1.0,4.255632048997074e-06,-0.38328937209741143,-0.4723239048910793,0.5171214227106651,-0.00033484800010259074
LILATracts_1And10,0.26855856817485574,4.255632048997074e-06,1.0,0.4498169330735106,0.29558868169688657,-0.2872356830205956,-0.08543685666623137
LowIncomeTracts,0.4294533649734334,-0.38328937209741143,0.4498169330735106,1.0,0.6939840320803188,-0.6320021162359905,-0.10014669129553551
PovertyRate,0.5164947418323607,-0.4723239048910793,0.29558868169688657,0.6939840320803188,1.0,-0.6593194928638761,-0.09648146095242505
MedianFamilyIncome,-0.6222429252443842,0.5171214227106651,-0.2872356830205956,-0.6320021162359905,-0.6593194928638761,1.0,-0.10527851057145102
Rural,0.24017463592312802,-0.00033484800010259074,-0.08543685666623137,-0.10014669129553551,-0.09648146095242505,-0.10527851057145102,1.0
